fast_period,slow_period,sharpe_ratio,annual_return,max_drawdown,calmar_ratio,total_trades
8,60,-38.69666471609515,0.045128047718545616,-0.07819768013519117,0.5771021293793691,12
8,59,-38.77163045474764,0.040061497712295946,-0.0900144513530009,0.44505628940836034,13
5,51,-38.82036282819747,0.03368557159939556,-0.1137194015351396,0.2962165746975605,16
3,52,-38.8353707018968,0.03988817613125306,-0.09166443588416678,0.4351543294463557,21
6,59,-38.83907788775742,0.0536608208325795,-0.07312877193181144,0.7337853407768868,12
7,56,-38.88405881988045,0.04626226680100043,-0.08720851935003669,0.5304787553531713,13
5,54,-38.88667371616231,0.04263194111473467,-0.09324922266929316,0.45718280425701946,15
6,60,-38.901066198197604,0.05237647215037278,-0.07086072155731263,0.7391467515330102,11
9,60,-38.90489026083784,0.039963766385109345,-0.08103185551473108,0.49318587278115805,11
10,60,-38.91060060386148,0.043593024348664855,-0.07667792221042971,0.5685212000011047,11
8,58,-38.91554549818189,0.037302602532385265,-0.09029432838549109,0.41312232118423087,12
7,60,-38.91661496396257,0.0419677289043463,-0.08033111121958471,0.5224343130226061,12
5,53,-38.917535079433186,0.04271086139229219,-0.09932783798544104,0.42999890321334217,15
4,47,-38.92707221464466,0.030735054934405426,-0.12348108611917674,0.24890496107834476,21
6,58,-38.94032898375486,0.05060149024473937,-0.07290210385701824,0.6941019198017011,12
7,59,-38.945316445818335,0.040501445201091,-0.08443346819339073,0.47968472772342385,11
6,52,-38.9478479115624,0.042039468273236125,-0.0891459952036268,0.47157999837468634,16
4,51,-38.95425715691561,0.040812567358217144,-0.09634831004194262,0.42359401364124083,20
6,57,-38.95491718776303,0.0502138627543669,-0.0730683520561785,0.6872176714175796,12
7,58,-38.9592100276571,0.045005654189167466,-0.08397313273674868,0.5359530211914066,11
20,59,-38.95994691807271,0.030021611978803264,-0.08487851003553705,0.3537009776235914,9
7,57,-38.962800056157825,0.04414436606112737,-0.08551319839657058,0.5162286862012372,11
5,57,-38.96384949054811,0.04590886547983786,-0.07970612814591996,0.5759766099262955,14
20,60,-38.97123606949211,0.029666906103842372,-0.08487970341472525,0.3495170801774461,9
5,56,-38.97462633963014,0.0475012878124792,-0.08077378361538354,0.5880780333215996,13
6,53,-38.9818203724172,0.039917085280061215,-0.09348054482346668,0.4270095489435008,15
4,52,-38.98261558571971,0.04051049224513825,-0.08995811433424006,0.4503261606242791,19
6,56,-38.98279499939116,0.050143979650463244,-0.07222440551842114,0.6942802684291227,13
7,55,-38.984749564864515,0.04575809880940085,-0.07751411263943367,0.5903195850573717,13
9,59,-38.99139452226859,0.03854396333913268,-0.08759477867148152,0.4400258088862727,12
10,59,-38.99768748600513,0.04248087328926342,-0.07668130252961847,0.5539925886477347,11
5,58,-39.00203579285051,0.05051895739289769,-0.06776738446938213,0.7454759806426139,14
5,55,-39.00673374416403,0.0452578434958717,-0.08289758609953964,0.5459488704716703,13
6,54,-39.00730106965158,0.040945394353508746,-0.09383868132404785,0.4363381259814843,14
3,53,-39.011152258499585,0.04002672980802924,-0.09009856759364013,0.4442548963548078,22
5,52,-39.01148290161642,0.03627407063158117,-0.10768124925907042,0.3368652470246639,15
8,55,-39.02341131661468,0.03900610985043684,-0.08997209498104929,0.4335356407856531,12
3,51,-39.024615861956235,0.028571661791487735,-0.11013521417077149,0.2594234914473912,22
8,56,-39.02527338768197,0.03952930027606438,-0.08803775182353112,0.4490039722424945,12
19,60,-39.03473877204184,0.02847481387628914,-0.08488475582180659,0.33545262162342304,9
4,46,-39.03951030736788,0.02776895627085718,-0.12348883842890453,0.2248701714596209,21
8,57,-39.04202528390859,0.03937577754220545,-0.09109522556598616,0.4322485322096604,12
6,55,-39.04332469685655,0.04406660809475049,-0.07404699453348397,0.5951167683763805,13
3,50,-39.04757438445109,0.027885984445186196,-0.11038227554546533,0.2526309981143689,22
9,58,-39.05024836498608,0.035078319864267904,-0.0903289297367832,0.38833981501259307,13
5,50,-39.05085331514197,0.03197380039936526,-0.11406977040900486,0.28030038356981907,17
4,48,-39.056321597499014,0.03147725208407781,-0.11027464062361633,0.2854441592923828,20
8,54,-39.06290839926872,0.03962831505845976,-0.08290923136456176,0.4779722885646997,11
6,51,-39.064809241485186,0.040041032459270376,-0.09601718588802513,0.4170194334373231,14
11,60,-39.08675175197608,0.04072060479787254,-0.07861561103291208,0.5179709762838965,11
4,53,-39.09182443260951,0.046640837166567195,-0.08177625706873222,0.5703469300064197,18
11,59,-39.09325934614253,0.0390772174249987,-0.07862073235534953,0.4970345130897245,11
4,49,-39.098807996731786,0.03226820060295843,-0.109413142537212,0.29492070015248706,21
6,50,-39.10263191872727,0.03262853976890856,-0.10403081742819077,0.3136430201697783,15
5,59,-39.104364717534196,0.05100356005260931,-0.06550474721622106,0.7786238741484557,13
10,58,-39.1064335663267,0.03326536168586358,-0.08917374635777035,0.37303985808111034,12
7,54,-39.13177415411742,0.04278273356463913,-0.0758229291080326,0.5642453287933817,13
4,50,-39.13181292444007,0.03828188676087141,-0.09308993211495496,0.4112355212978117,21
9,56,-39.137142554890254,0.035882907703954636,-0.09601384157877497,0.3737264035468714,12
3,54,-39.1386390715949,0.03932194677056522,-0.09105094578030437,0.4318675268398049,20
3,55,-39.14067856932379,0.041592291040659646,-0.08605289688312286,0.48333400207491384,21
5,60,-39.14303039894896,0.05024019728847584,-0.06550672942035123,0.7669471172356763,13
3,56,-39.1439671344226,0.03875676258793259,-0.09680459529518984,0.4003607728512284,22
9,57,-39.15084018920685,0.036837573200365625,-0.09125735092684455,0.40366691369220287,12
20,57,-39.156583216851054,0.029487329636568305,-0.08991357500702604,0.32795192087806657,10
12,58,-39.16266789176822,0.03613175150241066,-0.0899526874445003,0.4016750641797501,9
8,53,-39.16412763708956,0.03776481389263786,-0.08291804093803154,0.45544749327665907,11
3,48,-39.16812589492155,0.03598698736571038,-0.09662293533273647,0.3724476724059712,22
12,60,-39.172029864554524,0.035266476220896514,-0.07942271341953808,0.4440351469057329,11
4,57,-39.178118112022,0.04746764748049248,-0.07587099449794994,0.6256362895279444,20
3,49,-39.17828299436442,0.03207153033457644,-0.09697005265222998,0.33073644344194236,22
18,30,-39.18621077494573,0.009762151061054603,-0.13150793842653252,0.07423240891657859,20
12,54,-39.188493439867905,0.0377959877388534,-0.09042203335954042,0.4179953307239529,10
9,55,-39.19501810582569,0.03602291647264444,-0.08850292526915599,0.40702515044662296,11
6,49,-39.19784407389966,0.031945760885365715,-0.10896011067007731,0.2931876692204818,16
12,55,-39.19785847452431,0.03797044535405192,-0.09042140817987036,0.419927604738464,9
4,45,-39.198265572201045,0.029802262834999205,-0.11518904895922147,0.2587247928885117,22
12,53,-39.198532303812435,0.038609521680532666,-0.08719782286379531,0.4427807990211119,10
4,54,-39.203347399842045,0.04759423972400256,-0.07616416725553897,0.6248901739359766,20
11,57,-39.20507948938607,0.04296607653722084,-0.07824620292856035,0.549113885774743,10
4,58,-39.21240389883973,0.04739826210193865,-0.07291772786850541,0.6500238486231121,18
12,59,-39.21264290635022,0.035236655541703854,-0.08995587857909051,0.3917104262477218,10
11,55,-39.2130116450541,0.04280194926959968,-0.08379537199768941,0.5107913271246044,9
11,56,-39.2130116450541,0.04280194926959968,-0.08379537199768941,0.5107913271246044,9
17,32,-39.22342455175463,0.010859200079615938,-0.11677360720323904,0.09299361679147244,16
12,56,-39.233412394388296,0.03752382650703545,-0.08487436478110948,0.44211024852803543,9
20,58,-39.23347105620654,0.02917864020206551,-0.08991467512511783,0.32451477093658987,9
11,58,-39.23637721141485,0.04078921626267107,-0.07825295480976469,0.5212482565269375,11
12,57,-39.23966494491259,0.038398817777873795,-0.08487142145367754,0.4524351910240092,9
4,59,-39.24579582458797,0.045538361110808445,-0.07611332982360756,0.5982967926425433,16
19,59,-39.247789105074965,0.026236215161068444,-0.09551591508818162,0.2746789907927575,9
4,60,-39.2482338920401,0.04588414158135379,-0.07335022117692572,0.6255487828820328,14
19,57,-39.25038435141107,0.02382550477422196,-0.08993485916297393,0.26491957619066236,9
3,59,-39.25415921594167,0.044074217091205625,-0.07800672221636659,0.5650053718313832,19
10,57,-39.25521503098115,0.03826457594238164,-0.07972007333752959,0.47998671276143867,12
3,47,-39.25559733899729,0.02914554661708202,-0.10421137321841897,0.2796772148467443,24
3,60,-39.256857145399636,0.043434650412832454,-0.07753685103726152,0.5601807376979917,20
3,57,-39.27211440917898,0.03791019826389075,-0.10019800254516788,0.3783528343970865,22
19,58,-39.283240178956945,0.02658127172203706,-0.08992503581209825,0.2955936740195425,9
19,54,-39.2909026960974,0.0196419749839416,-0.10048747190398317,0.19546690360276664,10
14,60,-39.29254128163577,0.03633976797885463,-0.08512397645890417,0.42690402270385724,9
7,53,-39.29504707698297,0.04051627673893332,-0.08187812816970078,0.49483638237258193,13
4,56,-39.296997153557356,0.04762590716653747,-0.07390570646740757,0.6444144768109415,21
20,42,-39.29925977903588,0.02462059156032037,-0.09267020991463086,0.265679678323824,14
10,55,-39.30325997137633,0.04020543301312962,-0.0838039962838862,0.4797555581589885,10
10,56,-39.30540150838242,0.0393789108128928,-0.08380674179683278,0.46987760135522894,10
9,54,-39.31517668393167,0.037618432605945884,-0.08059031771279952,0.46678600697427514,11
4,55,-39.3193596645368,0.04690960291229285,-0.07489471376484949,0.6263406394685901,21
17,33,-39.32331998729019,0.013369106710636736,-0.1071773216778173,0.12473820488652654,17
10,54,-39.32673513427848,0.04069466430252078,-0.08058065931194265,0.5050177629471136,10
7,52,-39.33110512284993,0.040183428048568004,-0.07865715209359428,0.5108680772061729,13
18,31,-39.34497220598102,0.007489536829030641,-0.13183748929442884,0.05680885512241875,17
20,55,-39.347552789497506,0.02699930685494678,-0.10447884965949275,0.2584188756187523,10
13,60,-39.357294979624314,0.03586917125995015,-0.07929791407992724,0.4523343605709012,9
15,33,-39.36763831083842,0.017703357187071056,-0.08334741681682988,0.21240438952027985,17
20,54,-39.36863047409205,0.023393014595995965,-0.11502671614265375,0.20337027240684186,9
9,53,-39.381656799031425,0.03582126405885511,-0.08059605901874127,0.4444542883979658,11
11,54,-39.38363779389347,0.039766869153279316,-0.0864046019815345,0.46024017519087557,10
20,56,-39.38430706161599,0.028295122084820434,-0.10447348436009762,0.2708354398068436,10
14,59,-39.38519925925358,0.03524553233880123,-0.085127668972325,0.4140314513987168,9
18,60,-39.3922989837559,0.029486743416784478,-0.09590921226218223,0.3074443290825707,9
10,53,-39.404841533407755,0.03888518211321301,-0.08058643909924751,0.4825276131797231,10
3,58,-39.41340767068678,0.0383860234153488,-0.08758504138281582,0.4382714537699601,21
15,59,-39.41387324828128,0.036630246612978645,-0.08447834186064937,0.4336051798152218,9
14,33,-39.41888007245695,0.01867614820656449,-0.09407150718184384,0.1985314019734241,16
11,53,-39.42615228435311,0.035681590912806094,-0.08641859426093718,0.41289251714818553,10
16,32,-39.43521453471113,0.014870965272795189,-0.10356535253851357,0.1435901574058276,16
11,52,-39.43772685662357,0.03509062166291432,-0.08642061859444979,0.4060445554964815,10
19,32,-39.43930986721711,0.015261337917160667,-0.10340543658961393,0.14758738438220104,18
18,52,-39.447841334514614,0.023067811757604417,-0.09514084441167647,0.24245960712509027,9
4,44,-39.44820497269411,0.033316203851052606,-0.10447400746174504,0.31889466730039917,23
13,58,-39.4605856018835,0.02904170981763432,-0.0956787786991177,0.3035334502853779,9
20,30,-39.461729469679504,0.02242141606705328,-0.07773431651870885,0.2884365241914356,22
10,52,-39.463096486659836,0.03620415170983993,-0.08059500371046348,0.4492108696948868,10
16,33,-39.470213521195156,0.008772890434771696,-0.10553696476198555,0.08312623405985704,15
20,32,-39.473255790530864,0.015968333139193547,-0.09583614075736882,0.16662120378596051,21
12,51,-39.47358420115585,0.032674303723490006,-0.08797661757757486,0.3713975897593345,10
17,60,-39.47583293141007,0.029409487585319027,-0.08450148544037182,0.3480351550277981,9
15,60,-39.47840997480565,0.03464936658534867,-0.08512968082632848,0.40701863614449846,9
13,56,-39.47924543461791,0.030277758798513688,-0.08477643310035567,0.3571482980732609,9
13,59,-39.4821928972003,0.02978730716698408,-0.0956759511020768,0.31133536509298937,9
20,41,-39.48345361194807,0.02349116482394109,-0.09267435926067351,0.25348073632605733,14
19,55,-39.48372461567245,0.014963516105281904,-0.10050610805444653,0.14888165898510183,10
5,44,-39.483916837630034,0.03475169931090871,-0.10986649351886332,0.31630844125322055,16
19,56,-39.48450122299404,0.015962377043066134,-0.10050212883356553,0.1588262579940003,10
5,48,-39.48804959307065,0.026439188541749203,-0.12412933196462039,0.21299710651214138,17
3,46,-39.488224876087244,0.02305435421965374,-0.11360409978667277,0.20293593508460964,26
16,59,-39.49320042813027,0.03284858920120648,-0.08448877370810973,0.38879235381840416,9
5,49,-39.49385016982079,0.02546326695918033,-0.11493941071933943,0.22153643210645016,16
9,52,-39.49848921571641,0.033132973594796056,-0.08136307379778973,0.40722372015025976,11
9,51,-39.4990722717108,0.03387674635388915,-0.08136067499046015,0.41637740048077687,10
17,59,-39.49944995610652,0.030880980452496765,-0.08449655618127777,0.36547028480362115,9
15,58,-39.50682611774768,0.033887579475422314,-0.09502193080852864,0.35662903486676734,9
16,60,-39.50795508347925,0.034208871631391524,-0.0844842178790647,0.40491434365126,9
18,32,-39.514474424620104,0.011336568576880701,-0.10724739675432458,0.10570483685352085,16
12,52,-39.51543741284028,0.0345822918079719,-0.08796996488112882,0.3931147620065771,10
7,51,-39.527184222647314,0.03678443032051337,-0.08393937319272693,0.4382261735032902,12
20,43,-39.531376126551635,0.027136081866463435,-0.09190245482760695,0.29527047908966103,15
7,49,-39.53630402502255,0.03401502264386291,-0.09813426070003034,0.34661719975491084,16
16,58,-39.53712768184316,0.03168296589941555,-0.09502772299735805,0.333407608854275,9
16,57,-39.53761357323765,0.03224187318970895,-0.09502561777825022,0.3392966438265932,9
13,57,-39.539142342199035,0.032229145719941954,-0.08476987549771456,0.3801957420689012,9
20,51,-39.54198962637642,0.017509887341504715,-0.1150549491790973,0.15218717201159598,10
17,31,-39.54296153332353,0.007128105602993706,-0.1191553559308678,0.05982194881050357,17
17,34,-39.54423263174573,0.015311592541533692,-0.0962376650505944,0.1591018707019131,17
20,52,-39.544424841986846,0.01769911525451029,-0.11505267443161903,0.15383488773248524,10
5,45,-39.54444942455913,0.028370857019632822,-0.11574724373012621,0.24511043291693152,19
13,53,-39.55006384570486,0.03047076029649709,-0.08645916232140638,0.35242951097795744,9
8,52,-39.55681636873654,0.03174086800619147,-0.07952161445329738,0.3991476810978569,11
19,29,-39.5597787181998,0.014930805504387301,-0.11395380994574128,0.13102506630973157,20
14,53,-39.56197961070427,0.029609003930586297,-0.08646764538780738,0.3424287061107067,9
8,51,-39.56237656801828,0.03278413145120229,-0.07951940296738937,0.4122783902772377,11
16,31,-39.56526845504551,0.014755326803950197,-0.09256496057888426,0.15940510006889316,17
14,54,-39.567924975207745,0.030487163237591375,-0.08968757772500471,0.3399262641596755,9
14,32,-39.569325766274474,0.020739419477866505,-0.08664244076404605,0.23936790440087333,18
3,44,-39.57851763894933,0.01610249351575721,-0.13241400047605956,0.12160718245702834,27
3,45,-39.578882515102535,0.020975666950651117,-0.11846738137246107,0.17705858530546636,26
18,43,-39.58114209199901,0.017849549370896334,-0.09269317489331419,0.1925659509606871,14
14,58,-39.582805615565846,0.030109872241301794,-0.09568084584739837,0.31469069879800293,9
14,55,-39.58299604312518,0.03102240422281355,-0.08968567476784983,0.3459014419316644,9
15,34,-39.58310787630926,0.016026076963160385,-0.08979171955944514,0.17848056637951545,15
17,52,-39.59039113574471,0.027077696969479703,-0.09512375826646699,0.28465756045537915,10
20,53,-39.591789867966746,0.02001167072109844,-0.11504213068787683,0.17395080047145958,9
15,57,-39.59207077615817,0.03664406163412792,-0.08411580178206317,0.43563826127544436,9
8,50,-39.592259525819166,0.02975192236003288,-0.0860768212918324,0.34564383202724,13
20,45,-39.59303612816524,0.020463983306417965,-0.09352846338839003,0.21879952439118358,12
19,30,-39.59708938255686,0.018477019535212413,-0.10122250700646301,0.1825386475957631,20
13,54,-39.598985735163744,0.03159653723494582,-0.08645530406869872,0.3654667296044523,9
14,56,-39.609662158058235,0.03416443502088917,-0.0841240705572748,0.4061196135014502,9
19,53,-39.611187657052746,0.017370207173117436,-0.10415743869431877,0.16676876266221863,9
16,30,-39.61726547508249,0.014915424340600225,-0.10210834694232324,0.14607448643767906,16
19,43,-39.61798188738359,0.020578335024734606,-0.09268506163727859,0.2220242902277777,14
15,32,-39.61910627698851,0.016042306903041315,-0.08325650575902697,0.19268532539034583,16
20,44,-39.6220073149088,0.02885871780411442,-0.09189617910500847,0.3140361012304763,13
5,43,-39.62464446803464,0.027239312117077752,-0.11934836427859324,0.22823364427092943,17
19,52,-39.63129642196281,0.018039951942694366,-0.10415467380723024,0.1732034798177445,9
4,43,-39.631542192083074,0.030512708165808533,-0.10694735774802194,0.2853058627002207,22
14,57,-39.636986159055404,0.03509576471696363,-0.08476566301395833,0.414032799002403,9
15,55,-39.637163786403356,0.0324766344851124,-0.08967813415410902,0.3621466346445426,9
20,29,-39.6374479452424,0.018071895973603702,-0.09488417305129315,0.1904627019706887,21
10,51,-39.638925801097194,0.03256891733316447,-0.08718761306149202,0.3735498219247514,10
15,29,-39.641372693812315,0.024133048929231293,-0.09702331207795878,0.24873454031171657,16
18,53,-39.64150674255146,0.025286142939240364,-0.09711200601212899,0.26038122347181464,10
20,31,-39.64364978744558,0.018249894160526914,-0.08624899652312126,0.21159543758441945,21
15,56,-39.64420441375474,0.035290344234395477,-0.08412031587803648,0.4195222505531469,9
13,55,-39.64594041792319,0.028553291158273097,-0.09033347027610507,0.3160876148231625,9
14,34,-39.647116919151244,0.017350394791515455,-0.09921242065854341,0.17488127672269804,15
13,34,-39.649914187898105,0.018739121647737278,-0.08784085827930395,0.2133303569069563,15
5,41,-39.65019536480177,0.030466434735654246,-0.1121253398695858,0.2717176578558432,17
19,33,-39.65120538698203,0.011331993578900246,-0.11642845361748799,0.0973301046849783,17
17,43,-39.65180954912037,0.01542669822736098,-0.09920981351040736,0.15549568819361484,14
20,36,-39.65364469344069,0.018470096740164088,-0.09288269690262425,0.19885401001574757,17
5,40,-39.65528428214384,0.02988925922791097,-0.1177668777075854,0.2538002179367093,17
16,44,-39.65667365113282,0.01564036283623338,-0.09921159722845138,0.1576465178785381,14
17,45,-39.66142036702695,0.0245157984289035,-0.09825775081057368,0.2495049828299684,13
18,59,-39.663016412639614,0.02597901909662248,-0.09553135034500573,0.2719423414701123,9
11,31,-39.66508437825449,0.02290558952380284,-0.08276349754450438,0.2767595643415846,19
5,36,-39.67083799797301,0.034737005415075295,-0.12192427120582053,0.2849064019126734,18
15,37,-39.67144253526062,0.021574591136630517,-0.09087322358099977,0.2374141720349562,15
18,50,-39.67387679130686,0.02334677646556038,-0.09513979225947336,0.24539444443905303,11
18,58,-39.67505332624256,0.024142663944282106,-0.09553830496332072,0.2527014055100832,9
5,37,-39.68405072634444,0.035809044278245494,-0.1157007741628982,0.3094970153598885,18
18,44,-39.68873858002046,0.01886665596941839,-0.0926894372927651,0.20354699003972732,13
20,47,-39.689389692198084,0.018696857381583776,-0.10970278223768133,0.17043193436129347,12
5,42,-39.69099285624218,0.027914466908307567,-0.11933835677352864,0.23391026710114288,17
12,33,-39.69138390151901,0.027632896879903335,-0.07808988326207668,0.353860138158548,16
20,28,-39.69713793214074,0.015841765639179606,-0.10886551598845474,0.1455168378649823,21
17,30,-39.706397488620084,0.00189222671758138,-0.1281577291541018,0.014764827139735703,17
15,31,-39.70807844204523,0.024185057753767225,-0.08823043541513927,0.2741124152903972,16
19,31,-39.714217191419706,0.011886051409581988,-0.09876422790525019,0.12034773785691832,20
18,29,-39.71651472936484,0.008237696405477557,-0.12125185075828165,0.06793872715311862,20
17,46,-39.717177166221276,0.027446202234493455,-0.09265660994462145,0.29621418537649247,12
19,51,-39.71949898448741,0.015216589878819242,-0.10416633003008408,0.14607973492417914,10
17,51,-39.72097972429027,0.022784237435580224,-0.0951399495608949,0.2394812856296191,10
14,49,-39.72165436770453,0.023966963967425592,-0.0872400935087455,0.2747241893433206,11
13,52,-39.722003071702716,0.028805237989448784,-0.08646487077991948,0.33314382742521237,10
7,50,-39.722254446014496,0.033660417052949754,-0.08395209856956912,0.40094789322099156,13
11,51,-39.72305517587047,0.030503207274024113,-0.08719475243669558,0.34982847501252784,10
14,44,-39.724910773046524,0.020928456649960125,-0.08293102250398986,0.2523598047878072,14
5,46,-39.726492130426564,0.028111782078865666,-0.11236785330990408,0.25017637385431746,19
18,49,-39.7270671451936,0.02721485555505776,-0.09512520479079539,0.2860951060753054,11
18,33,-39.7308769429884,0.012022956751889247,-0.10228278720170751,0.11754623706312664,16
17,44,-39.731980831798396,0.01669621772530938,-0.09828821326108661,0.16986998920164112,13
13,35,-39.73216194285024,0.018219675425124038,-0.09053203826360016,0.20125113467647998,15
5,39,-39.732371551574595,0.03373565926767519,-0.12019460375497465,0.2806753232986046,18
6,35,-39.733323524990965,0.03602194579050977,-0.11662611484199892,0.30886689348531476,19
5,47,-39.737332229437776,0.02879329903835437,-0.1096098211294828,0.2626890432048115,17
16,50,-39.7387204486827,0.02899401502063359,-0.0974819631281257,0.297429535580087,10
20,50,-39.74075687609329,0.017079437379630136,-0.10415863909907422,0.16397523553840232,11
18,51,-39.74240695707368,0.021405096610238594,-0.09514711586266311,0.22496842301699463,10
11,32,-39.74302789430669,0.022349196415327732,-0.08701935461306903,0.2568301789263237,19
13,44,-39.744285275506584,0.023363505144868846,-0.0779114342672043,0.29987261002976273,15
16,52,-39.7445595488227,0.031664195646929905,-0.09747164620047238,0.3248554516233917,10
6,48,-39.74557436480814,0.029312183488450216,-0.10896011067007731,0.2690175634751805,16
15,30,-39.750399106473935,0.02247021065673316,-0.0882364334361677,0.2546590992142564,16
16,49,-39.752645346566716,0.029446365797136664,-0.09748021525878743,0.3020753054244225,11
20,33,-39.75324556908001,0.014409362565848127,-0.09937132899470623,0.14500523150511302,17
20,49,-39.75422201798498,0.016274712202846153,-0.1041619613911265,0.15624429480292587,12
16,54,-39.755234299109254,0.03172691523685156,-0.10069339258577904,0.3150843806342499,9
16,53,-39.757761086494334,0.03101683284096879,-0.10069622662453206,0.3080237848099497,9
13,28,-39.75862835053611,0.02365973088520601,-0.10206700324310414,0.23180587392041915,18
16,34,-39.76156133121409,0.010414042631556875,-0.11681468939815046,0.0891501119012671,15
18,34,-39.763987281694035,0.010619022177693616,-0.1068457647097696,0.09938645866346305,15
16,35,-39.76430536297497,0.01691532808585361,-0.10372557592774698,0.16307769741993494,15
16,55,-39.765156240672574,0.033853007509798694,-0.09513711680184542,0.3558338600938349,9
7,48,-39.76705507671339,0.030045644107201674,-0.09814054966417636,0.30614913213767186,16
16,38,-39.77097837444837,0.016381183057401216,-0.09904312300514999,0.1653944520363058,15
17,49,-39.77121876325877,0.026593090820936638,-0.09190253577183098,0.2893618831906886,11
17,35,-39.774726825747415,0.012075441576309132,-0.11202053290887735,0.10779668032941649,16
16,37,-39.77513503052397,0.017011307721404023,-0.10523802453864317,0.16164601906944298,15
12,32,-39.77611612899734,0.024113453238538973,-0.08163846682101414,0.2953687664346491,17
5,38,-39.779173852875424,0.036717519367512885,-0.11569635866203033,0.3173610629766776,18
12,31,-39.779981026018994,0.018412808851109297,-0.08955338462805165,0.20560706809222798,19
14,41,-39.784219964136994,0.01723291755169054,-0.08467765245537541,0.20351198990515448,14
12,34,-39.784357657181424,0.025661734552762105,-0.07670624473333075,0.33454557242340727,15
17,56,-39.786217802568025,0.026344554818025223,-0.10606309195337431,0.24838569508803662,9
15,53,-39.79051198652464,0.03081420986912331,-0.10069703533958078,0.3060091070726014,9
12,50,-39.7908614313579,0.026834174867751415,-0.08799698461795813,0.30494425444522777,10
16,29,-39.79221135108055,0.019755866330961602,-0.09555381786658836,0.2067511981420211,17
13,50,-39.793312258219466,0.028390091168550846,-0.08722479806102817,0.3254818790028873,10
20,37,-39.79425964771893,0.016681055307765646,-0.08879473357765316,0.18786086331547644,16
17,53,-39.79501141658612,0.027502562804415653,-0.09512215621968705,0.28912888329505254,10
14,29,-39.79864773788523,0.024840505781265065,-0.09934035869994397,0.2500545207038706,16
18,54,-39.801268019338266,0.022850839905941278,-0.09660935472475062,0.2365282323957709,10
18,56,-39.801741091197,0.02259572131952936,-0.10049092181230053,0.224853359010222,9
18,57,-39.801778897874215,0.022779619321000588,-0.10049018924781487,0.22668500767596994,9
15,54,-39.803086451983205,0.031234345392872065,-0.1006953584907182,0.3101865454478833,9
10,50,-39.80683549732565,0.02883868950802615,-0.0872005057690862,0.33071699818339667,10
17,48,-39.808584295036646,0.031840540123040384,-0.09188342077298482,0.3465319407481399,12
20,27,-39.80941413119222,0.017648952407767204,-0.1122230095150768,0.1572667894403253,22
14,31,-39.80990673557738,0.021054771119932703,-0.0882413846036969,0.2386042695781839,18
20,38,-39.81012913649639,0.00986237864952777,-0.10545547645354812,0.09352173050843908,17
17,29,-39.812257056031825,0.004482264739325004,-0.11756569065619708,0.03812561908416549,20
16,56,-39.81403054711779,0.031101507188702193,-0.09514615132547376,0.3268814004079984,9
16,45,-39.8142911324979,0.022709141396881627,-0.09826738625937409,0.2310954047046847,13
13,32,-39.816855031426435,0.02369995502380373,-0.07671221083314617,0.3089463172343267,18
18,35,-39.81821118852703,0.008073250449780467,-0.11573017058286682,0.06975925473124348,17
17,47,-39.81893069586586,0.024827066178989554,-0.0919076731842478,0.2701305050908927,12
16,36,-39.81930445656898,0.01269349316024293,-0.1048363918637639,0.12107907315942609,15
13,33,-39.826342965638226,0.018906579483624064,-0.08828362007328724,0.21415727479150798,15
11,50,-39.82768955380831,0.02833369080557091,-0.08811857641465924,0.3215404964356343,10
8,49,-39.828870148401904,0.029263227775833123,-0.09225288021917531,0.31720665746488624,13
13,42,-39.83051666492231,0.018512912467638643,-0.07332293586880682,0.2524846045548817,15
19,48,-39.83095991966022,0.019887864243717246,-0.09515283903131963,0.20900967796842235,12
20,46,-39.83408116997447,0.017671428000887168,-0.10970724074593191,0.16107804626872316,12
17,54,-39.83411580922325,0.03285721518415663,-0.08955191763582931,0.3669068854312351,10
19,46,-39.83546397623404,0.02260656589734289,-0.0919189588336122,0.24594018670581697,12
20,34,-39.836702988232524,0.00871444024976853,-0.11174842553614425,0.07798266694102016,17
6,36,-39.837111044019665,0.03295913675365192,-0.11631424029441098,0.28336286829735363,17
20,35,-39.83829935080176,0.008272789185115315,-0.10894862564966462,0.07593293752706261,17
17,55,-39.83844284093554,0.03081654620646912,-0.09514856823644015,0.3238781915235058,9
14,50,-39.83917644479653,0.025306755267151537,-0.087241039957115,0.29007856026924433,10
19,44,-39.84076112109473,0.025744393621884853,-0.09190752526861631,0.28011192279024183,13
6,37,-39.84611673781267,0.03185470695377113,-0.1160996607551549,0.2743738159661828,17
13,45,-39.84706006661982,0.018499905324431687,-0.08750538436977474,0.2114144798936709,14
17,50,-39.849314852382356,0.023850040964257246,-0.091912529920457,0.25948628532907936,10
15,42,-39.850508576140065,0.014578832718448176,-0.08632200233013466,0.16888895443704002,14
17,58,-39.85453072051391,0.025749609066649803,-0.1060655931200439,0.24277061306305686,9
17,57,-39.85453072051391,0.025749609066649803,-0.1060655931200439,0.24277061306305686,9
15,49,-39.85496266468369,0.02291281081006069,-0.09826659287677546,0.23316989161100707,10
18,48,-39.85652426544795,0.022950977692115515,-0.09513932069349072,0.2412354589545202,12
14,28,-39.85826579209969,0.01688348795894079,-0.1162664545061372,0.14521375086783594,18
14,38,-39.85866881259731,0.019237324774468156,-0.080263382490282,0.23967747405608456,14
15,39,-39.86149871721707,0.015898341666420457,-0.10049642100114925,0.15819808813130418,14
14,40,-39.86480940816639,0.016717073686800532,-0.10084488104592866,0.1657701760705824,14
18,55,-39.86574847307891,0.022128259919784732,-0.10029742733076072,0.22062639599727904,10
19,45,-39.871968182956905,0.02348863497696474,-0.09191574458499376,0.25554528316141734,12
14,52,-39.872459430381234,0.02454927435497911,-0.08648499166922505,0.2838558908448709,10
14,35,-39.872836007634966,0.01831450242411048,-0.08816434144011055,0.2077314039321827,15
19,49,-39.87434592146008,0.018766601133135552,-0.09703095434607376,0.19340839487368106,11
7,47,-39.876253578149544,0.028184817046916777,-0.11273701362755312,0.25000499960048933,15
14,51,-39.87983092458289,0.02455480996474968,-0.08724364072412304,0.2814510004505145,10
14,30,-39.881880433321165,0.02569856729943698,-0.08772257449563682,0.29295272564891706,17
18,46,-39.88232489116304,0.019370245283001353,-0.09192885472975341,0.2107090895447873,12
18,45,-39.882665681721996,0.02094270425907485,-0.09268180894402502,0.22596348191394444,12
15,38,-39.88535759657491,0.025321496065333626,-0.07678977180880071,0.32975089610087344,14
18,47,-39.888038212863485,0.02502899622622845,-0.0919082342962428,0.27232593921404097,12
15,50,-39.88852871565968,0.026321674529206085,-0.09825331503299876,0.2678960452414847,11
14,45,-39.89584086049713,0.016601222121859216,-0.09322794754196413,0.17807130329010631,13
16,39,-39.89718022313377,0.017827021288163714,-0.09821113282989506,0.18151731656573705,14
13,49,-39.89719163809867,0.023205264870207465,-0.08815926679124192,0.2632198033719668,10
16,42,-39.897539283994,0.01676282690163955,-0.09920718255053594,0.16896787581988432,14
16,47,-39.8975654106447,0.02242857914500629,-0.09826588075728528,0.22824381130215912,12
13,27,-39.90365273480704,0.02316860846702795,-0.11051356787803346,0.20964492335092844,18
10,34,-39.90536765213678,0.029369615511432023,-0.08911614291644254,0.32956560450523187,16
9,50,-39.90826619921039,0.028709705155960386,-0.08137734150094464,0.3527972851709234,10
6,39,-39.91160475218526,0.0344402806605526,-0.10499346933588334,0.32802307494359595,17
11,44,-39.91161874324022,0.031669538961720534,-0.06799214943083073,0.46578228849697345,14
20,48,-39.917549024032105,0.012531192632248,-0.10972959361172713,0.11420066565259525,12
13,29,-39.91766293677549,0.02242334862592177,-0.09461936403525027,0.23698477425369285,18
13,46,-39.918408178810694,0.018382704652597504,-0.08433384304332121,0.21797541756936828,14
13,51,-39.92157397960145,0.02543051916967798,-0.0872350320725706,0.2915172788441505,10
16,41,-39.92378804951173,0.016218353180508238,-0.09397296552212667,0.1725853078105692,14
14,39,-39.924972525358925,0.01617810779270812,-0.08914039015845675,0.18149020622357354,14
19,42,-39.92554657723289,0.015442653906050374,-0.09270202035540721,0.16658379015738053,14
15,35,-39.93282730782084,0.021568618732037415,-0.0840608779450796,0.25658331508420684,15
19,47,-39.93462732426663,0.024890115206122054,-0.09513397161745246,0.26163225168616766,12
15,40,-39.93512689975506,0.01766166271095493,-0.09316894701767944,0.1895659796133953,14
18,28,-39.93575876076565,0.008020386122220557,-0.10964190342524852,0.07315073773494532,21
8,46,-39.93819187353314,0.03160862314479651,-0.08450785057036686,0.3740317962350382,14
4,36,-39.93830660506542,0.03475731132565052,-0.12053370368167646,0.2883617632578756,18
15,43,-39.941111838799564,0.014136911176287903,-0.08819096667863369,0.16029885722652928,14
13,39,-39.94217776730377,0.01774063277211191,-0.08423875724316038,0.21059941234534688,14
13,41,-39.94369633931998,0.018055684956475027,-0.08533140800227343,0.21159483218645567,15
8,44,-39.94581621723449,0.026423471157843714,-0.11001678345423721,0.2401767287518897,14
8,45,-39.94581621723449,0.026423471157843714,-0.11001678345423721,0.2401767287518897,14
5,32,-39.9501621595132,0.03416900851760385,-0.1317040179151792,0.259437859668105,22
16,48,-39.950815479533766,0.0252682707444718,-0.0982548200552426,0.25717080068199216,11
15,45,-39.95092621695849,0.013817829935924841,-0.10398042886875279,0.1328887569156511,13
4,37,-39.952171158103845,0.035645400896444634,-0.1205294550357605,0.29574016480758847,19
10,33,-39.95341191276073,0.027953360423760287,-0.08576090077698502,0.3259452754169522,16
15,41,-39.95381942610206,0.012164443700135585,-0.09585157135408522,0.1269091735095184,14
9,49,-39.95429645203146,0.02991876985949382,-0.08228981365178227,0.3635780485066857,12
19,34,-39.95762670914866,0.006412869847816083,-0.11477012004143135,0.055875778865623504,17
6,38,-39.96094610624129,0.03190843669400589,-0.1100991434898827,0.28981548523070977,17
10,49,-39.96276667596075,0.02582856739961059,-0.08812732729493383,0.29308238650164303,10
6,44,-39.96307702945593,0.030404551808005387,-0.11128284017319423,0.2732186899677029,16
17,39,-39.96515859968876,0.013979631858940245,-0.09398130662689397,0.1487490689445234,14
8,48,-39.96707720895075,0.02824006781092514,-0.09213422090079244,0.3065100842534204,13
7,37,-39.96727966091633,0.030489066354544292,-0.10527821041224981,0.2896047172074335,16
11,34,-39.978107583249034,0.02343863447735739,-0.08141322096492067,0.28789715232439494,16
20,40,-39.97878484887493,0.014492201654547898,-0.09362231661193757,0.1547943073724372,14
14,36,-39.98130149394522,0.020242949741855476,-0.0790288058589167,0.2561464711739852,15
12,35,-39.98382257957546,0.022636996229974393,-0.07705694391463623,0.29376971211123665,15
11,33,-39.993121307490505,0.025337466736763403,-0.09058322235120622,0.27971478690088797,16
9,33,-39.995609638616635,0.032715588055132194,-0.08730522571806588,0.37472657319254177,16
13,31,-39.99854732406781,0.019206859840514845,-0.08242216260444798,0.23303028255507494,19
11,30,-39.998666393244775,0.020758949632959656,-0.08286474185765237,0.25051607194553294,20
3,43,-40.00115093419431,0.016271111274335226,-0.11580001188695617,0.14051044563120654,29
15,52,-40.00181897378727,0.02833153256094345,-0.09748710019521604,0.29061827158885745,10
15,28,-40.005208334377336,0.02602415923391721,-0.09379690765249464,0.2774522090891668,18
12,49,-40.00706057364136,0.022666801160031724,-0.0889279648766124,0.25488946240343996,11
10,32,-40.007774362434,0.030132871892130098,-0.08045584697158893,0.3745268122374102,18
12,29,-40.00871236008441,0.021839448650951,-0.09298212393021228,0.23487792844291872,18
16,51,-40.00902590711199,0.023691386137825177,-0.09750245524648235,0.24298245698463994,11
18,42,-40.0137072288642,0.013406481758471145,-0.09900897419443004,0.13540673325373523,14
13,40,-40.01526660674278,0.016822388048165493,-0.0855513757342643,0.19663492145840425,14
12,28,-40.01642809955712,0.024473019061899137,-0.10414524696772104,0.23498930363556916,18
16,46,-40.01661186841559,0.021408246855858515,-0.09827245400880927,0.2178458559093218,12
17,40,-40.01664793551572,0.01026843012930101,-0.09689485101507017,0.10597498238274755,14
19,28,-40.01823641787806,0.009062186905106628,-0.12660519279194007,0.07157831922422966,21
4,39,-40.01917364819353,0.032351798186125436,-0.12232789228021589,0.2644678787730384,20
14,43,-40.01963667803803,0.009858764271508669,-0.10330179504397079,0.09543652428607122,14
10,31,-40.021798520112135,0.028721081151594774,-0.08046034985257083,0.35695943659480733,18
5,33,-40.02468279110882,0.03570258900109646,-0.12570024670977492,0.284029585745595,21
5,31,-40.02650179911791,0.035653561955450996,-0.1259444144182061,0.28308966396128665,22
14,42,-40.029146839440244,0.009606260353378637,-0.10416183084762935,0.09222438080443233,14
17,37,-40.02915053673671,0.015291323696287051,-0.10396842825940988,0.1470766073151931,15
7,44,-40.032936179416225,0.0330829275601241,-0.09721666645252779,0.3403009871386501,14
6,42,-40.034820828363976,0.029016572843021393,-0.11111411963892905,0.26114208470815603,18
12,30,-40.035219489364685,0.019095864053353395,-0.08242149604320118,0.2316854821871264,18
13,30,-40.03633577837969,0.026641699988227963,-0.07969643731373029,0.33428972343332175,17
20,39,-40.03843368974521,0.012803263695371214,-0.09921741999611555,0.12904249773751902,15
6,40,-40.044999953883135,0.026819052846294156,-0.10501364812752377,0.2553863552452375,17
17,41,-40.051103250981676,0.009890722002370289,-0.09923158931222052,0.09967311892234534,14
12,48,-40.05600992276564,0.025464367244221187,-0.08891810427927745,0.2863800060811205,12
4,38,-40.05993271025829,0.03423852541513117,-0.12037759852845677,0.28442605462873827,19
3,42,-40.06530077693377,0.01818140143259317,-0.11354424159387433,0.16012614270325137,27
19,41,-40.065896612765194,0.011966817668307428,-0.10535370065474411,0.11358706522824509,14
7,46,-40.06685867797453,0.029989177718370286,-0.11011509481710223,0.2723439303955682,15
12,45,-40.069956577959495,0.018520027952173557,-0.09267511932560998,0.19983818836104486,14
15,48,-40.070468015110244,0.021433518390390205,-0.09827235555826086,0.2181032322735291,11
8,47,-40.07063779230624,0.030994195959777038,-0.0905646706404462,0.34223274639652945,14
7,45,-40.07171379873108,0.03186241010788571,-0.10136804104431796,0.31432401948021776,14
18,40,-40.07488680054341,0.004781223887384556,-0.11077650161439705,0.043160993691853194,14
4,35,-40.075896595852605,0.0364405249792199,-0.12623272879099162,0.2886773131519313,19
20,26,-40.07745634194698,0.01282043425987478,-0.11769907355062373,0.10892553248824481,23
18,39,-40.07978629316814,0.004834385955909681,-0.11839256700335456,0.040833525940633615,15
14,48,-40.08372227199406,0.0205274949847567,-0.08816862588241339,0.23282085639094927,12
13,38,-40.08986063211982,0.017508268339860855,-0.07903737406332918,0.22151885164899643,14
18,23,-40.089955872962385,0.021343363238801594,-0.12291942901488248,0.17363701906081458,25
7,38,-40.09051300879569,0.032620803699190404,-0.09809231240442337,0.33255209199981506,16
12,47,-40.092293162726286,0.023726229930609577,-0.08368926729393965,0.2835038553662628,13
12,37,-40.09461966278922,0.019274037670236055,-0.09602133337059952,0.20072661973820824,14
12,41,-40.097774218483316,0.017184453634411234,-0.09506383281631721,0.1807675235188036,15
11,49,-40.0980923859731,0.023379981579507714,-0.08813588172943065,0.26527199956179237,11
5,34,-40.09836249992669,0.033128824828310144,-0.1322229107138793,0.25055283270838363,20
6,41,-40.10503820413742,0.027863024476193488,-0.10657579296227948,0.2614385847080217,17
11,45,-40.10898763100512,0.031085239770689554,-0.07039123107168756,0.44160670721942413,14
9,47,-40.10957994891638,0.029460513806256472,-0.09353976000415588,0.31495177884727915,13
16,43,-40.11253517259205,0.011650308123556385,-0.09922729219911587,0.1174103199367582,14
16,28,-40.113089469488806,0.0222420506347909,-0.09520059174811843,0.23363353343053667,20
19,35,-40.1161458860546,0.0025040356616656823,-0.13195019944481956,0.018977126766017878,16
17,36,-40.11620421788469,0.007234356838625722,-0.1138154885871113,0.06356214719483227,15
17,28,-40.11876180478769,0.014434198886847938,-0.09795410231236412,0.14735675735988038,21
15,36,-40.1238510640328,0.01914476483859673,-0.08193624172500251,0.23365441757569386,15
17,42,-40.12387836263243,0.008563930347138538,-0.09963101087812885,0.08595647350817459,14
5,35,-40.12660047751391,0.03249075795361822,-0.12214728311776842,0.2659965668028181,19
3,38,-40.12953599027514,0.03321291230566903,-0.10947898456008419,0.30337249143410844,22
17,38,-40.1312550517052,0.012435663213405945,-0.10128799659820673,0.12277529056810385,15
7,43,-40.131964434149424,0.03609888738553835,-0.09720502794672807,0.3713685202098997,14
18,36,-40.13809479520541,0.0004838788734806698,-0.15456972660418422,0.003130489288628729,15
19,38,-40.13923812911449,0.01082923813497949,-0.11061148585239068,0.0979033782208743,15
13,36,-40.13978817641422,0.022683718015570342,-0.08028683726532425,0.28253346112772343,15
3,39,-40.14158136185785,0.031026558404922966,-0.10948555240717998,0.2833849555741773,23
9,48,-40.15110545611384,0.029625973524560756,-0.08240257228313247,0.3595272902739845,14
16,40,-40.15190550225419,0.010067154872661632,-0.10417782979496566,0.0966343308597903,14
19,39,-40.15318186401698,0.0061698548342148385,-0.11869789849786078,0.05197947825778933,15
14,46,-40.154503367938105,0.01801542564470182,-0.08817740696267906,0.2043088617056614,13
10,37,-40.15837658930621,0.024246086791923638,-0.08586378314348125,0.28237850586442964,15
9,44,-40.1584511886838,0.026700254529354872,-0.09147824955043386,0.2918754420922152,14
4,42,-40.15886474145245,0.024492701331868538,-0.11546351755149872,0.21212502313507267,22
4,34,-40.16159237122007,0.034226295040062915,-0.13342735960115895,0.2565163182601541,20
14,37,-40.16250286712956,0.021357693132162403,-0.07902531351890923,0.270263946843462,14
3,36,-40.16296379082975,0.029411398534051614,-0.11273263329152441,0.26089516119076456,22
6,45,-40.163313752392774,0.026607449036974984,-0.11129288974081623,0.2390759113087959,16
3,37,-40.16527861526369,0.030253018235915086,-0.11272886729648696,0.26836975267698693,22
3,41,-40.16540139181698,0.0259338572832446,-0.1124106149891676,0.2307064798617435,23
18,37,-40.16843464511257,0.006922322208624543,-0.12901763010796694,0.053654079700825974,15
15,51,-40.17118698213742,0.024730164481900907,-0.09750101836224871,0.2536400634301082,11
11,46,-40.173070807158204,0.031202844071631652,-0.06996840047133972,0.44595622968989956,14
6,43,-40.17394004467733,0.02893871166929074,-0.10804513686600448,0.2678390949254845,16
15,27,-40.1769012341489,0.019642086031601558,-0.11481996056516189,0.1710685662572964,21
13,43,-40.17763238665747,0.017913543015390943,-0.08100546266553667,0.22113993829470666,14
7,42,-40.17791786980125,0.03605702638957986,-0.09752498072991524,0.36972092811210955,16
12,46,-40.17828591239194,0.022808242979421856,-0.07565240380061056,0.30148735312542413,14
19,50,-40.18249619036306,0.01580016907716253,-0.1041796963410781,0.15166265243693663,11
11,29,-40.18293036146165,0.018347995079293078,-0.10209297926480801,0.17971848026593665,20
19,40,-40.18953048085475,0.006926539799811948,-0.11251878073179074,0.06155896602117147,14
10,30,-40.19083424021352,0.034202382472914294,-0.08126908759849487,0.42085353095003536,20
6,47,-40.19917969828263,0.03206857402102692,-0.1062173758613335,0.301914576226138,15
9,32,-40.1996924774792,0.03580383341268423,-0.08180129324592293,0.437692755113853,18
6,46,-40.20776975969751,0.02497120577080736,-0.11713314885831247,0.21318649770965542,16
10,47,-40.20851529269398,0.029237661950864968,-0.06769716595249615,0.43188900952487963,13
3,40,-40.20866285406887,0.02719155912616067,-0.11499333307493796,0.2364620487036469,24
7,41,-40.209880065144446,0.028129093970030716,-0.10898889839462171,0.2580913687941157,17
4,32,-40.211450952249784,0.031150768237231397,-0.13233574737148254,0.23539193948697323,22
18,41,-40.21365168774889,0.004085670875086933,-0.11367920439218626,0.0359403542356931,14
13,37,-40.21409200434372,0.020296403266373275,-0.07902863839194002,0.2568233956621384,14
7,39,-40.2180488851174,0.029011917198684678,-0.09809722994654725,0.2957465487505931,16
8,40,-40.219170632833176,0.032447700102022914,-0.09058925726290333,0.358184856377119,15
15,44,-40.21920335787303,0.009389017729066751,-0.1035548283778851,0.09066711689004976,14
13,48,-40.21986832989022,0.019102602117060385,-0.0881736065415956,0.21664762128164505,13
14,27,-40.22159292415394,0.020671923804171932,-0.10957552577765804,0.18865457096795282,21
14,47,-40.2282515773474,0.01731720439042128,-0.08817984782895105,0.19638505641348736,13
15,46,-40.22834314899036,0.01590002037321625,-0.09921057596730405,0.16026537713535985,12
7,40,-40.228734945597765,0.02759472773861127,-0.10666816447499133,0.25869693993919746,16
19,27,-40.23820118068004,0.0015089004825385999,-0.12987014486016685,0.01161853237449805,21
4,33,-40.24024069292256,0.031190941603065347,-0.1334434329210999,0.2337390527228671,21
11,35,-40.24609105379084,0.024076115743709714,-0.08123688094585702,0.2963692778869247,17
19,36,-40.24632648176738,0.003579317962842943,-0.1396367700772929,0.025633061842247493,16
18,24,-40.2466793088729,0.014505601531622503,-0.1305932467614684,0.11107466803484349,23
10,48,-40.24821090189644,0.019527554049081353,-0.08710424559748474,0.22418601889188783,12
10,38,-40.248630731641946,0.027599706043068828,-0.07547781001605795,0.36566649240613863,15
4,40,-40.25624033957137,0.029788811899189582,-0.1184618498685656,0.2514633355146869,20
12,27,-40.2594315661392,0.025947830186257015,-0.10535749701849283,0.2462836620131791,18
18,38,-40.26462261602634,0.005245964214428689,-0.12716637449245485,0.04125276226019911,16
13,26,-40.26475746633819,0.01773720176154736,-0.12045945268384003,0.14724624233600603,21
7,34,-40.26521109679264,0.03300444384999324,-0.10032273185202796,0.32898270651833406,19
14,26,-40.26762119605704,0.019453605789432338,-0.11832559703900172,0.16440741712902715,22
4,41,-40.26824070201822,0.03175826738694987,-0.10937324382490807,0.2903659640724436,20
11,48,-40.26849191389606,0.024113769074318725,-0.08289793531287826,0.29088503812920213,11
18,27,-40.26956987145213,0.008292953287591942,-0.11955974477129722,0.0693624204656452,21
12,43,-40.27183489232191,0.019346365831074408,-0.08277015770422264,0.2337360030194485,15
11,28,-40.277355382192866,0.025670729654647673,-0.10129716785087532,0.2534200136023433,19
15,47,-40.27749239083291,0.0181967719088183,-0.09828496599310653,0.18514298422908929,12
18,26,-40.2838804498325,0.012224521072323746,-0.12396407292646917,0.09861341906356104,22
7,29,-40.285738248057015,0.04079808831880527,-0.09749706715613467,0.41845451877511364,21
7,32,-40.28957827235786,0.03874883614909397,-0.09145624413630911,0.4236871578865796,20
8,43,-40.29039181320851,0.026632670242454637,-0.10079549959050779,0.2642247952602312,14
19,24,-40.29284502490518,0.011615170895895588,-0.1375593427614107,0.08443752828945597,23
8,42,-40.30253768352638,0.027682916305993288,-0.0991529678452561,0.2791940262362783,15
13,47,-40.30725557204468,0.018075885898061195,-0.09037614081810685,0.20000727774425717,12
17,27,-40.31227792358788,0.013754424278777932,-0.1157858606917563,0.1187919163583781,21
10,36,-40.316209782776795,0.028517196589072924,-0.08756631664964497,0.32566399593088907,15
4,31,-40.32511051227329,0.029514608169334267,-0.14137276808605853,0.2087715234617723,24
18,25,-40.32851415493116,0.01577794717915193,-0.1268289376278387,0.12440336940651549,22
3,34,-40.3296401251267,0.03183982391807838,-0.12749278781140785,0.2497382359006617,25
9,35,-40.329926051405764,0.03660539952690112,-0.08510723898204597,0.43010911838678384,16
9,46,-40.33354899500466,0.027392161109762725,-0.07910843880847665,0.3462609238956134,14
10,39,-40.33371208386083,0.025456537479717767,-0.07548498260005633,0.33723976084878593,15
9,45,-40.33563942570754,0.02800968263685366,-0.08049719256258744,0.3479585032120943,14
3,35,-40.33692738217849,0.03178397921630438,-0.11866545378684495,0.2678452591046165,24
6,33,-40.338913860510104,0.0310549703052887,-0.11734141941193996,0.2646548035716767,20
12,42,-40.34268760039794,0.018834163236980395,-0.09280243445939007,0.20294902118351368,15
8,30,-40.34525494693895,0.03602616561875216,-0.0967846476878513,0.3722301674842411,19
9,37,-40.34712189400571,0.025803813216662697,-0.10033229932993903,0.2571835130759619,15
12,38,-40.348629344829405,0.015233907037548455,-0.09081103591198801,0.16775391762200367,14
12,44,-40.34978012103932,0.020404696450504467,-0.08457170435267884,0.2412709618031736,15
12,39,-40.3509739795152,0.01654799306549659,-0.09712345175351027,0.17038102298396235,14
11,38,-40.35111863571804,0.02343315028996429,-0.08657161400874926,0.27067937404512343,15
9,34,-40.35198478776717,0.03217452713120128,-0.08754941802534612,0.36750132504463423,18
17,25,-40.35542441422091,0.02245369073661241,-0.12614364400034037,0.17800096798021645,22
5,30,-40.357731328277765,0.03291154497016002,-0.1252084511401405,0.2628540219966744,21
7,33,-40.35801815820101,0.033699804140119305,-0.10032110854364426,0.3359193755864286,19
8,41,-40.358979930339316,0.029758536405832814,-0.09028241248413474,0.32961609672384706,16
10,35,-40.362026793181485,0.026610842913887822,-0.08668935447771373,0.3069678286822287,16
19,23,-40.36348338342609,0.015810573194974253,-0.12839332228793038,0.12314170950042103,29
3,33,-40.364439197321786,0.028969375683063348,-0.12724065143437777,0.22767390261282824,25
16,27,-40.36748340810009,0.018146333013091542,-0.1126948229285982,0.16102188673377477,21
6,32,-40.377328188708255,0.031817577661241714,-0.12059232865820868,0.2638441268633376,19
11,37,-40.379238787166784,0.016732515432371642,-0.08428316395846566,0.19852737660177713,14
9,36,-40.38447341015045,0.02989617300219738,-0.09975892734810014,0.2996841866380266,15
12,40,-40.384603111254236,0.013820482173287907,-0.10270180603536486,0.13456902762283357,15
11,40,-40.39181040366574,0.02000046239347686,-0.08679811247524011,0.23042508440701587,15
9,30,-40.392852761817025,0.03875993590407578,-0.08000981517767788,0.4844397630215937,19
10,44,-40.398306033735,0.021815505476863173,-0.09300156139370089,0.23457138944702455,14
10,45,-40.39855787521528,0.02669893396720635,-0.07821800766359266,0.3413399901725397,14
11,36,-40.40339137511151,0.01814887691586886,-0.08781558285354844,0.20667034626571978,15
3,32,-40.40674252395896,0.028366010544189635,-0.1313792682065212,0.21590933585959526,25
3,31,-40.4073602262343,0.02921973173979353,-0.13405809603524177,0.21796320105957737,28
9,31,-40.412880218871244,0.03459754717636265,-0.08426381700110974,0.4105860428314921,18
12,36,-40.41766089311616,0.02477666261737621,-0.07705040755766196,0.3215643291547054,14
20,25,-40.424700601763504,0.0028449487118775707,-0.1404158527343277,0.02026087978299947,25
10,29,-40.426137696186835,0.033996432949745525,-0.07435661271395577,0.45720792958290357,20
7,35,-40.42699977602982,0.028147821338309065,-0.1062538352188019,0.26491110914110544,17
10,28,-40.43270254796711,0.03633139765073512,-0.08112660642838776,0.44783578717551364,20
8,38,-40.43934107700217,0.031252295024142285,-0.09518865866132374,0.328319523183285,15
11,39,-40.44032375717095,0.02254690993790387,-0.08874523226640611,0.25406333796298874,15
11,25,-40.44286384120547,0.03694192913852312,-0.08858537407429384,0.41702063714875837,21
6,31,-40.44731324019962,0.029874528523143873,-0.1223344123908561,0.24420380119778012,21
11,43,-40.457064629877415,0.019399092231631165,-0.08425385174301715,0.2302457612359418,15
7,31,-40.46529505199749,0.04118480870127783,-0.09030939934941698,0.4560412204927782,19
7,30,-40.467592790881405,0.045161823873862694,-0.09111502941226333,0.4956572386046366,20
8,37,-40.46811582806648,0.03340644952194438,-0.0948772076559992,0.35210194679282436,15
9,38,-40.46911272931714,0.020365710447789453,-0.10065740513679651,0.2023269964103667,15
11,27,-40.471075567272464,0.026973835738575147,-0.11005236805837774,0.24510000297555398,19
8,39,-40.47154699878249,0.028370890023743378,-0.09973588080490377,0.28446021426572143,15
19,37,-40.47620697527904,0.00817000921509159,-0.13004485178821887,0.06282454939774659,15
17,24,-40.488586269317686,0.01766946700507699,-0.13008001512243572,0.13583537016386327,23
8,33,-40.502006737578014,0.023056203059224067,-0.10655384560255578,0.2163807690735382,19
7,36,-40.503165627083234,0.026564980516829984,-0.11019318959483469,0.24107642781287833,16
15,26,-40.503404933714116,0.016481065666296146,-0.13238646999663403,0.12449206982190238,21
11,47,-40.50567151732964,0.028890847332840863,-0.08369068873276546,0.3452098168900587,13
11,42,-40.50912308180999,0.01491536969679963,-0.09383576623943736,0.15895186126301367,15
10,46,-40.51581733949994,0.026539182992069144,-0.07821850303314574,0.33929546031867863,13
6,34,-40.519198769375755,0.029559380147592407,-0.11877266098616045,0.2488736035899432,18
12,26,-40.52073145389906,0.03168788887666363,-0.09193373615530345,0.3446818350026953,19
5,29,-40.54086732756403,0.03590503176968962,-0.12197620736498903,0.2943609458379953,23
8,31,-40.54165382308277,0.031708510783268196,-0.0971211217514502,0.3264841901683938,19
3,30,-40.54892413161225,0.029283304213212347,-0.1259761639292215,0.2324511502800235,30
10,27,-40.549100638250735,0.03452278203912584,-0.09924581103303985,0.347851276338836,19
16,26,-40.54994998476903,0.022349082585138014,-0.120439526762718,0.18556269013883375,21
11,41,-40.55137661133342,0.017420512313837122,-0.08695329959256497,0.20034331526766674,15
19,25,-40.56121788502922,0.013211797700796168,-0.11624514783747898,0.11365461652874694,22
8,34,-40.56445464191512,0.028702798846214073,-0.09689619763541546,0.29622213819175947,18
9,43,-40.56750805192752,0.015536635021673462,-0.09669573381917258,0.1606754963019154,15
8,20,-40.576530434261095,0.038200384744180305,-0.0943262772857082,0.40498136726496486,26
8,35,-40.587598921691146,0.027286645471003013,-0.0964454999646997,0.2829229511070011,16
7,28,-40.589806140051145,0.03772507879853393,-0.09788618376390344,0.38539738038541704,23
14,25,-40.59219853798166,0.023220901698572938,-0.10368490586896158,0.22395643323358788,21
17,26,-40.59383229495698,0.013557423539678481,-0.12439573251335273,0.10898624306282548,21
4,30,-40.608967345745924,0.031907265759323344,-0.12894303881695449,0.2474524103981945,24
10,25,-40.61187178904899,0.040193027325519104,-0.07318118471676108,0.5492262455312982,21
10,42,-40.6235864794146,0.020347432510292585,-0.07637817416112361,0.26640375648897613,15
16,25,-40.62993450865946,0.021664274947275075,-0.11515353298640833,0.18813382781605256,22
10,26,-40.63139660694626,0.031154175375380788,-0.10163949755922162,0.3065164244562345,19
6,30,-40.63701671546854,0.024792876101309425,-0.12080568692755224,0.20522937894619014,23
11,26,-40.637896908534344,0.026901457284767005,-0.11000523156041256,0.2445470720180548,20
8,36,-40.6405275259327,0.026802313479667994,-0.09725857642966869,0.27557789208491806,15
8,32,-40.641337530571136,0.0325507481352183,-0.09679186082582977,0.3362963358436833,19
15,25,-40.64246125082486,0.012563872840321011,-0.13149514879156804,0.09554628407041775,21
11,24,-40.64319824164432,0.0413371849698807,-0.06644952945428804,0.6220839381310801,21
19,26,-40.647359528076656,0.0017887422310236545,-0.12382813198396868,0.014445362312783922,22
7,25,-40.65003206716105,0.03615699976826647,-0.08786727277784732,0.4114956413826719,23
8,29,-40.65719990272127,0.03657479791780993,-0.09880280608814283,0.3701797485911609,20
17,23,-40.65780598595737,0.021314547656459126,-0.12581342185312078,0.16941394123547895,24
7,24,-40.68429427406471,0.031105154728372497,-0.10215033498049693,0.30450369775401376,23
16,24,-40.68942094343817,0.01632485764675451,-0.1269277510940806,0.12861535405802865,24
9,41,-40.701576869023604,0.02356625653441302,-0.0881990682343678,0.26719393987010576,16
11,23,-40.70187517154169,0.04550813334476267,-0.06551901872275469,0.6945789822849978,21
9,42,-40.70342681873999,0.023233472706585268,-0.08349072600411282,0.2782760890765373,15
4,29,-40.70386010455795,0.036619537200288654,-0.12467583516646011,0.29371800198006554,25
16,23,-40.70493148358459,0.02739897768004873,-0.10231960946143143,0.267778364521383,24
13,25,-40.705868306182474,0.026374738620948968,-0.1069856741154558,0.24652589086353865,20
12,25,-40.71724946812309,0.029556095203275845,-0.08723728702229704,0.33880117335287585,21
10,41,-40.72960925266893,0.026226694049480415,-0.07429303348545298,0.3530168687299026,16
19,22,-40.73870347005674,0.00887976494126086,-0.13977215576895985,0.0635302853591162,35
10,40,-40.74425357693076,0.028429815575714557,-0.07428958342037002,0.3826891236533596,15
9,26,-40.75611601074918,0.03585719529632936,-0.08877288647253638,0.40392057441347795,19
9,39,-40.75673205092232,0.018478335845184546,-0.09152518060246381,0.2018934649847292,15
7,27,-40.76618711833157,0.033005277171116454,-0.1035742488183839,0.31866296446900405,24
14,24,-40.77176127527116,0.029025186775366585,-0.09993180018306401,0.29044995409064633,21
15,23,-40.77759279772016,0.024184375782243528,-0.0986519344520358,0.2451485205695777,23
7,20,-40.786156395136494,0.026758981500818457,-0.11702036294347008,0.22866944545151618,27
18,22,-40.78865693068371,0.012606932578118624,-0.12554940743423917,0.10041411453671685,32
9,40,-40.79009441682398,0.01863764532534784,-0.09152117700452038,0.20364298116956359,15
20,23,-40.80946627167414,0.022663167300462916,-0.09564243378906749,0.23695724170345667,33
5,28,-40.812545680282376,0.034675751154122914,-0.12137684539906167,0.2856867060609155,24
11,20,-40.81403315858501,0.0409950997361852,-0.07561131647310868,0.5421820654420849,26
12,24,-40.817950365173765,0.0320245828755672,-0.0940803048415784,0.34039624902888355,20
8,26,-40.82664724444284,0.03469850035153765,-0.0914829577224954,0.37928922736398796,22
9,25,-40.837507593793084,0.0384420777309602,-0.0892080780080077,0.4309259720572556,21
6,29,-40.841799602760695,0.029550402525591046,-0.12223022019034308,0.2417602003790361,22
8,27,-40.84954391943964,0.03218820121912991,-0.10402914370031893,0.30941522802356036,22
15,24,-40.8531922991203,0.021872897707098105,-0.10238467474708304,0.2136344893523361,22
6,21,-40.85440053635933,0.024577195145014663,-0.12598468782289815,0.19508081156309912,28
20,24,-40.86344155102571,0.012569722726185617,-0.12308412884689678,0.1021230181660625,28
8,25,-40.866620486380505,0.036681031372864936,-0.08968303692241968,0.4090074626330492,20
17,22,-40.86896951502272,0.017072431868991877,-0.11652550449892274,0.14651240466544996,29
6,22,-40.87325423066269,0.022028578289612355,-0.11775775844949489,0.1870668954611614,26
9,27,-40.87705407824737,0.03941456312803737,-0.07782472399312054,0.5064529767111219,19
9,29,-40.8897377125263,0.04193535725407482,-0.07143708541116288,0.5870250306645619,22
6,23,-40.89229525848724,0.024456940455030995,-0.11703215384829277,0.20897624841404014,26
11,22,-40.901732661473126,0.04443627719958876,-0.06552180276399024,0.6781906987457044,24
14,23,-40.90647912166277,0.027477780437101806,-0.0970270132969043,0.28319722006715115,22
7,26,-40.90915933464171,0.035638275132110486,-0.09594802966777884,0.37143311077370145,24
8,24,-40.91254142636294,0.0356485706596521,-0.09967987428404529,0.35763057403211423,22
16,22,-40.91321313730433,0.023441009357361153,-0.10843469398110483,0.21617628543725903,28
9,20,-40.916890061028475,0.03937565668965526,-0.08931845273807552,0.44084570973395093,26
3,29,-40.93193141264805,0.029401177371712883,-0.12621005230557106,0.23295432364237345,31
9,28,-40.94088512319052,0.04043151841564008,-0.07143964507200966,0.5659535174745893,20
17,20,-40.94324933863879,0.018909579554504674,-0.09745217530755251,0.1940395839787805,36
6,24,-40.94872707387285,0.027323154643643655,-0.11076128928808268,0.24668505413094247,26
9,24,-40.952278822031474,0.03928740836769418,-0.08910472164662761,0.44091275570671296,21
7,23,-40.95238604347169,0.0320532893800074,-0.11493763916416906,0.2788754807659193,26
10,43,-40.96006351803316,0.014786839328206902,-0.09403528667990593,0.15724777208943894,15
7,21,-40.97152773019277,0.022029840092807618,-0.12367022107997237,0.1781337487749928,25
5,26,-40.98438802517022,0.03162887004339865,-0.10394824977743794,0.30427515721639137,27
11,21,-40.98785219336147,0.037073953985644614,-0.06554092967820105,0.5656610940319853,24
8,28,-40.99248195239992,0.03255614169097587,-0.10280899116971921,0.3166662888193457,22
10,20,-40.99705803447253,0.04098712185358622,-0.08410487361594969,0.4873334931902614,26
13,24,-41.03938411713424,0.03013621686112078,-0.09769555262029089,0.30847071389472475,21
10,24,-41.04964927630457,0.04151529518880981,-0.06552939047971965,0.633537026437903,21
13,22,-41.055023585672316,0.0358659407817985,-0.07452915508511139,0.4812336962741632,24
8,23,-41.06692093723835,0.03274083318762777,-0.11037286122759933,0.2966384383214734,22
5,22,-41.06952327804079,0.023488627537182616,-0.10583706502901322,0.2219319624060215,31
5,27,-41.08379022068106,0.030728124977086324,-0.11622171026606942,0.26439229733188074,25
9,23,-41.09256744822248,0.0412882672361059,-0.07296330574238227,0.5658771462724823,22
10,23,-41.10838961392003,0.044836964060879225,-0.06951245982933345,0.6450205354689311,21
12,23,-41.10958875950163,0.0349097313028679,-0.07569379161730713,0.4611967581088368,22
15,22,-41.12016219497327,0.02961832661259045,-0.09678381495604915,0.30602561622561103,26
12,20,-41.12345279341581,0.031424023459947215,-0.08146172099877944,0.38575202039271983,26
3,28,-41.1246933731439,0.02438260985160312,-0.12934505554240638,0.18850824833894922,30
20,22,-41.13058776435492,0.018969683079372857,-0.11740075345906546,0.1615805905878371,41
5,21,-41.14313334931527,0.03143343910649854,-0.10653379220408594,0.2950560423708728,29
20,21,-41.18448650075483,0.014894895899653093,-0.13550346337247784,0.10992262137764962,57
9,21,-41.21293334230286,0.034514680665265196,-0.09456229354838429,0.3649941152030668,25
6,20,-41.21295999878548,0.028186860377776846,-0.10247212227670306,0.27506857232511034,28
6,26,-41.22256397287137,0.029205502661278082,-0.104929766815567,0.2783338183969476,26
10,22,-41.235965549033324,0.04651482530197981,-0.06551344780376869,0.7100042336545143,24
12,22,-41.246818230435196,0.032752385729972744,-0.0873565880880615,0.3749274833966279,23
13,23,-41.2474817160735,0.028641662766659692,-0.10058499865508749,0.2847508390875842,21
6,25,-41.25455029774189,0.030973249977450656,-0.10167929211765861,0.3046170890097252,26
15,21,-41.25497400968014,0.028362519640201533,-0.0868641048869561,0.3265159950374458,27
10,21,-41.2580319804401,0.04158308946016209,-0.07444021091367888,0.5586105808913141,24
5,25,-41.25852041753631,0.028656331594656415,-0.09983959444123368,0.2870237179451259,29
16,21,-41.27312413498536,0.013845664319944717,-0.10374465382234097,0.13345906328488913,30
6,27,-41.27355242977009,0.028124800801831995,-0.09907020961459709,0.2838875673246588,25
8,21,-41.27529343806847,0.026989547209121945,-0.10467625627287949,0.2578382927524955,25
12,21,-41.28528354143354,0.025515185623858905,-0.09170274239444792,0.2782379780324182,25
6,28,-41.30162944824119,0.031427309409215454,-0.09807516954050853,0.32044104085116937,23
7,22,-41.35507540386926,0.02266335030571831,-0.11056284633769446,0.20498161051767025,25
4,28,-41.35632452460526,0.030601087065762478,-0.1207301746442054,0.2534667671602777,26
15,20,-41.357527543332985,0.02606477345801217,-0.07891084264084813,0.33030661675534767,31
19,20,-41.360024855444664,-0.004538626200634166,-0.1383888534555996,-0.032796183271294535,62
18,21,-41.36721309678948,0.014982436584198844,-0.09662638671743033,0.15505533315669537,36
5,20,-41.37151963180008,0.03204975493724671,-0.09492248640658574,0.337641334003479,30
14,22,-41.375378241885144,0.02710854312848454,-0.09692807187223755,0.27967690478994306,26
14,20,-41.40212417402757,0.025015584345244868,-0.0935182852382489,0.2674940444161771,27
5,24,-41.42213670421122,0.026437222546249473,-0.11231102993161445,0.23539293124056426,28
4,26,-41.42241955767831,0.026355244094355967,-0.12150623884873987,0.21690445152503618,27
13,20,-41.42642094119568,0.02622020021187943,-0.0998746041672496,0.26253120530992236,26
16,20,-41.44350945228071,0.021130299737981417,-0.0988998544944316,0.21365349672148531,31
4,27,-41.45145833002303,0.028340576584184873,-0.12012167939603861,0.23593223743356598,27
8,22,-41.45383834844328,0.030578396480684944,-0.1108800064146904,0.27577917308483885,25
5,23,-41.469567748067824,0.022396681869385482,-0.11500903415863968,0.19473845714148189,27
13,21,-41.48257477598474,0.019711122364585165,-0.11218232230521291,0.17570613586477005,26
9,22,-41.483448456446155,0.04176351986899807,-0.08399254586647413,0.4972288842796953,23
18,20,-41.50492535576675,0.0046620033878452816,-0.09559325331894862,0.0487691675508775,42
19,21,-41.51471162202187,0.008648486212381457,-0.11944548023303934,0.07240530320199787,40
17,21,-41.55916828276924,0.014332900712465957,-0.10931911066895618,0.13111065965281524,31
14,21,-41.59975516652623,0.03078241838276874,-0.07901349318933851,0.38958432465459314,26
3,27,-41.713490122413006,0.024999442783046888,-0.1121300357613916,0.22295045759411633,29
3,24,-41.75938018321526,0.019448385136344726,-0.12076882998534992,0.1610381183514318,34
4,25,-41.76728509575158,0.027556704969988743,-0.11066869194615522,0.24900181329870774,30
3,20,-41.84973294513019,0.023321155917166436,-0.13656190579461236,0.1707735095044822,36
3,22,-41.86866580313632,0.027001821308791918,-0.12731205118128686,0.21209163671664116,34
3,21,-41.9076783999264,0.023684387245359595,-0.13042492650447343,0.18159402408823475,36
4,20,-41.93494684045239,0.029736569523142187,-0.12333497700163502,0.2411041072537596,33
3,25,-41.98863024358652,0.01475361078751014,-0.12440325165104496,0.1185950575383229,31
4,24,-42.02281383296784,0.025991466156516374,-0.11374541042101165,0.22850562550447395,32
4,23,-42.0580353077747,0.019105099316063523,-0.12280776125888249,0.15556915230943258,30
3,26,-42.09304987046913,0.017417297981681124,-0.12804482753755572,0.13602500246698843,31
4,21,-42.09946160177721,0.029421270134966093,-0.1222515039146625,0.2406618257678333,31
4,22,-42.123916670459764,0.01845705970850986,-0.12362368015317092,0.14930035803530026,31
3,23,-42.24325858887123,0.017120158387173845,-0.13303915141195885,0.12868511415982256,33
